,id,doi,type,funding_type,title,publication_year,publication_date,language,author_id,author_name,author_position,orcid,apc_list,apc_paid,fwci,has_fulltext,cited_by_count,citation_normalized_value,is_in_top_1_percent,is_in_top_10_percent,min,max,volume,issue,first_page,last_page,topic_id,topic_name,subfield_id,subfield_name,field_id,field_name,domain_id,domain_name,retracted,index location,Repository,is_oa,oa_status,license,institution_id,institution_name,raw_affiliation_strings,country_code,ror,lineage
0,https://openalex.org/W4240294282,https://doi.org/10.3998/panc.2020.16,dataset,funder,Secretion of Insulin in Response to Diet and Hormones,2020,2020-12-24,en,https://openalex.org/A5081087046,Elizabeth A. Mann,first,https://orcid.org/0000-0001-6439-0747,,,,False,15,0.999833,True,True,89,90,,,,,https://openalex.org/T11339,"Metabolism, Diabetes, and Cancer",https://openalex.org/subfields/1312,Molecular Biology,https://openalex.org/fields/13,"Biochemistry, Genetics and Molecular Biology",https://openalex.org/domains/1,Life Sciences,False,crossref,Pancreapedia: The Exocrine Pancreas Knowledge Base,True,hybrid,cc-by-nc,https://openalex.org/I130238516,University of Minnesota,"Department of Pediatrics, University of Minnesota,",US,https://ror.org/017zqws13,https://openalex.org/I130238516
1,https://openalex.org/W4240294282,https://doi.org/10.3998/panc.2020.16,dataset,funder,Secretion of Insulin in Response to Diet and Hormones,2020,2020-12-24,en,https://openalex.org/A5003624987,Melena D. Bellin,last,https://orcid.org/0000-0002-7324-4837,,,,False,15,0.999833,True,True,89,90,,,,,https://openalex.org/T11339,"Metabolism, Diabetes, and Cancer",https://openalex.org/subfields/1312,Molecular Biology,https://openalex.org/fields/13,"Biochemistry, Genetics and Molecular Biology",https://openalex.org/domains/1,Life Sciences,False,crossref,Pancreapedia: The Exocrine Pancreas Knowledge Base,True,hybrid,cc-by-nc,https://openalex.org/I130238516,University of Minnesota,"Department of Pediatrics, University of Minnesota",US,https://ror.org/017zqws13,https://openalex.org/I130238516
2,https://openalex.org/W4391272864,https://doi.org/10.25581/spruce.109/1998876,dataset,funder,"Chloroform Fumigation Extraction for Microbial Biomass and Dissolved Organic Carbon from SPRUCE, 2021-2022.",2023,2023-01-01,en,https://openalex.org/A5093800121,Zachary W. Buell,first,https://orcid.org/0009-0003-0510-6357,,,,False,1,0.93186,False,True,64,74,,,,,https://openalex.org/T11065,Insect Pest Control Strategies,https://openalex.org/subfields/1110,Plant Science,https://openalex.org/fields/11,Agricultural and Biological Sciences,https://openalex.org/domains/1,Life Sciences,False,,OSTI OAI (U.S. Department of Energy Office of Scientific and Technical Information),False,closed,,https://openalex.org/I130238516,University of Minnesota,"University of Minnesota, Saint Paul, MN (United States)",US,https://ror.org/017zqws13,https://openalex.org/I130238516
3,https://openalex.org/W2398872628,https://doi.org/10.1037/e496562006-004,dataset,funder,Influence of Genetic Factors on Drug-Reinforced Behavior in Animals,1988,1988-01-01,en,https://openalex.org/A5090223436,Richard A. Meisch,first,,,,,False,4,0.625,False,False,69,71,,,,,https://openalex.org/T13984,"Nutrition, Genetics, and Disease",https://openalex.org/subfields/1311,Genetics,https://openalex.org/fields/13,"Biochemistry, Genetics and Molecular Biology",https://openalex.org/domains/1,Life Sciences,False,crossref,PsycEXTRA Dataset,False,closed,,https://openalex.org/I130238516,University of Minnesota,"Department of Psychiatry, University Hospitals, University of Minnesota, Minneapolis 55455.",US,https://ror.org/017zqws13,https://openalex.org/I130238516
4,https://openalex.org/W4391335905,https://doi.org/10.25581/spruce.110/1998878,dataset,funder,"SPRUCE Quantitative PCR (qPCR) of microbial gene copy numbers, 2021-2022",2024,2024-01-01,en,https://openalex.org/A5093800121,Zachary W. Buell,middle,https://orcid.org/0009-0003-0510-6357,,,,False,0,0.0,False,False,0,71,,,,,https://openalex.org/T11970,Molecular Biology Techniques and Applications,https://openalex.org/subfields/1312,Molecular Biology,https://openalex.org/fields/13,"Biochemistry, Genetics and Molecular Biology",https://openalex.org/domains/1,Life Sciences,False,,OSTI OAI (U.S. Department of Energy Office of Scientific and Technical Information),False,closed,,https://openalex.org/I130238516,University of Minnesota,"University of Minnesota, Saint Paul, MN (United States)",US,https://ror.org/017zqws13,https://openalex.org/I130238516
5,https://openalex.org/W2588371131,https://doi.org/10.7910/dvn/bkvsbf,dataset,funder,Replication Data for: Ecogeography and utility to plant breeding of the crop wild relatives of sunflower (Helianthus annuus L.),2015,2015-01-01,en,https://openalex.org/A5073151470,Michael B. Kantar,first,https://orcid.org/0000-0001-5542-0975,,,,False,0,0.0,False,False,0,66,,,,,https://openalex.org/T12742,Sunflower and Safflower Cultivation,https://openalex.org/subfields/1110,Plant Science,https://openalex.org/fields/11,Agricultural and Biological Sciences,https://openalex.org/domains/1,Life Sciences,False,datacite,Harvard Dataverse,True,gold,other-oa,https://openalex.org/I130238516,University of Minnesota,(University of Minnesota and University of British Columbia),US,https://ror.org/017zqws13,https://openalex.org/I130238516
6,https://openalex.org/W4241131235,https://doi.org/10.1515/iupac.18.0004,dataset,funder,Aminopolycarboxylic Acids,2016,2016-02-29,en,https://openalex.org/A5022729450,E. B. Sandell,first,,,,,False,0,0.0,False,False,0,66,,,,,https://openalex.org/T14285,Biopolymer Synthesis and Applications,https://openalex.org/subfields/1312,Molecular Biology,https://openalex.org/fields/13,"Biochemistry, Genetics and Molecular Biology",https://openalex.org/domains/1,Life Sciences,False,crossref,IUPAC Standards Online,False,closed,,https://openalex.org/I130238516,University of Minnesota,"University of Minnesota, Minneapolis 14, Minn., U.S.A.",US,https://ror.org/017zqws13,https://openalex.org/I130238516
7,https://openalex.org/W4247797827,https://doi.org/10.1515/iupac.13.0011,dataset,funder,Preparation of Anhydrous Ethylenediamine,2016,2016-02-24,en,https://openalex.org/A5012576474,S. Bruckenstein,last,,,,,False,0,0.0,False,False,0,66,,,,,https://openalex.org/T10911,Chemical Synthesis and Analysis,https://openalex.org/subfields/1312,Molecular Biology,https://openalex.org/fields/13,"Biochemistry, Genetics and Molecular Biology",https://openalex.org/domains/1,Life Sciences,False,crossref,IUPAC Standards Online,True,bronze,,https://openalex.org/I130238516,University of Minnesota,"School of Chemistry, University of Minnesota, Minneapolis, Minn. 55455, U.S.A.",US,https://ror.org/017zqws13,https://openalex.org/I130238516
8,https://openalex.org/W4301224270,https://doi.org/10.5061/dryad.2mn50,dataset,funder,Data from: Shared genomic regions between derivatives of a large segregating population of maize identified using bulked segregant analysis sequencing and traditional linkage analysis,2016,2016-06-01,en,https://openalex.org/A5063917020,Candice N. Hirsch,middle,https://orcid.org/0000-0002-8833-3023,,,,False,0,0.0,False,False,0,66,,,,,https://openalex.org/T11468,Genetic Mapping and Diversity in Plants and Animals,https://openalex.org/subfields/1311,Genetics,https://openalex.org/fields/13,"Biochemistry, Genetics and Molecular Biology",https://openalex.org/domains/1,Life Sciences,False,,OSTI OAI (U.S. Department of Energy Office of Scientific and Technical Information),False,closed,,https://openalex.org/I130238516,University of Minnesota,"Univ. of Minnesota, Minneapolis, MN (United States)",US,https://ror.org/017zqws13,https://openalex.org/I130238516
9,https://openalex.org/W4398546721,https://doi.org/10.7910/dvn/jd7osg,dataset,funder,"Global Agaricomycetes records retrieved from MyCoPortal on July 12, 2021",2023,2023-01-01,en,https://openalex.org/A5089677308,Hunter J. Simpson,first,https://orcid.org/0000-0003-1377-5916,,,,False,0,0.0,False,False,0,64,,,,,https://openalex.org/T10451,Mycorrhizal Fungi and Plant Interactions,https://openalex.org/subfields/1110,Plant Science,https://openalex.org/fields/11,Agricultural and Biological Sciences,https://openalex.org/domains/1,Life Sciences,False,datacite,Harvard Dataverse,True,gold,other-oa,https://openalex.org/I130238516,University of Minnesota,(University of Minnesota),US,https://ror.org/017zqws13,https://openalex.org/I130238516
10,https://openalex.org/W4302799467,https://doi.org/10.5061/dryad.8vj84,dataset,funder,Data from: Draft assembly of elite inbred line PH207 provides insights into genomic and transcriptome diversity in maize,2017,2017-11-01,en,https://openalex.org/A5063917020,Candice N. Hirsch,first,https://orcid.org/0000-0002-8833-3023,,,,False,0,0.0,False,False,0,63,,,,,https://openalex.org/T11468,Genetic Mapping and Diversity in Plants and Animals,https://openalex.org/subfields/1311,Genetics,https://openalex.org/fields/13,"Biochemistry, Genetics and Molecular Biology",https://openalex.org/domains/1,Life Sciences,False,,OSTI OAI (U.S. Department of Energy Office of Scientific and Technical Information),False,closed,,https://openalex.org/I130238516,University of Minnesota,"Univ. of Minnesota, Minneapolis, MN (United States)",US,https://ror.org/017zqws13,https://openalex.org/I130238516
11,https://openalex.org/W4302799467,https://doi.org/10.5061/dryad.8vj84,dataset,funder,Data from: Draft assembly of elite inbred line PH207 provides insights into genomic and transcriptome diversity in maize,2017,2017-11-01,en,https://openalex.org/A5015912463,Cory D. Hirsch,middle,https://orcid.org/0000-0002-3409-758X,,,,False,0,0.0,False,False,0,63,,,,,https://openalex.org/T11468,Genetic Mapping and Diversity in Plants and Animals,https://openalex.org/subfields/1311,Genetics,https://openalex.org/fields/13,"Biochemistry, Genetics and Molecular Biology",https://openalex.org/domains/1,Life Sciences,False,,OSTI OAI (U.S. Department of Energy Office of Scientific and Technical Information),False,closed,,https://openalex.org/I130238516,University of Minnesota,"Univ. of Minnesota, Minneapolis, MN (United States)",US,https://ror.org/017zqws13,https://openalex.org/I130238516
12,https://openalex.org/W4302799467,https://doi.org/10.5061/dryad.8vj84,dataset,funder,Data from: Draft assembly of elite inbred line PH207 provides insights into genomic and transcriptome diversity in maize,2017,2017-11-01,en,https://openalex.org/A5045350168,Alex B. Brohammer,middle,https://orcid.org/0000-0002-4639-4119,,,,False,0,0.0,False,False,0,63,,,,,https://openalex.org/T11468,Genetic Mapping and Diversity in Plants and Animals,https://openalex.org/subfields/1311,Genetics,https://openalex.org/fields/13,"Biochemistry, Genetics and Molecular Biology",https://openalex.org/domains/1,Life Sciences,False,,OSTI OAI (U.S. Department of Energy Office of Scientific and Technical Information),False,closed,,https://openalex.org/I130238516,University of Minnesota,"Univ. of Minnesota, Minneapolis, MN (United States)",US,https://ror.org/017zqws13,https://openalex.org/I130238516
13,https://openalex.org/W4302799467,https://doi.org/10.5061/dryad.8vj84,dataset,funder,Data from: Draft assembly of elite inbred line PH207 provides insights into genomic and transcriptome diversity in maize,2017,2017-11-01,en,https://openalex.org/A5023378154,Nathan M. Springer,middle,https://orcid.org/0000-0002-7301-4759,,,,False,0,0.0,False,False,0,63,,,,,https://openalex.org/T11468,Genetic Mapping and Diversity in Plants and Animals,https://openalex.org/subfields/1311,Genetics,https://openalex.org/fields/13,"Biochemistry, Genetics and Molecular Biology",https://openalex.org/domains/1,Life Sciences,False,,OSTI OAI (U.S. Department of Energy Office of Scientific and Technical Information),False,closed,,https://openalex.org/I130238516,University of Minnesota,"Univ. of Minnesota, Minneapolis, MN (United States)",US,https://ror.org/017zqws13,https://openalex.org/I130238516
14,https://openalex.org/W3217150763,https://doi.org/10.5281/zenodo.3575048,dataset,funder,Mating compatibility and fertility studies in an herbaceous perennial undergoing de novo domestication,2019,2019-12-13,en,https://openalex.org/A5000574461,John H. Price,middle,https://orcid.org/0000-0002-8306-6448,,,,False,0,0.0,False,False,0,61,,,,,https://openalex.org/T12618,Botany and Plant Ecology Studies,https://openalex.org/subfields/1110,Plant Science,https://openalex.org/fields/11,Agricultural and Biological Sciences,https://openalex.org/domains/1,Life Sciences,False,datacite,Zenodo (CERN European Organization for Nuclear Research),True,gold,cc-by,https://openalex.org/I130238516,University of Minnesota,University of Minnesota Twin Cities (Agronomy and Plant Genetics),US,https://ror.org/017zqws13,https://openalex.org/I130238516
15,https://openalex.org/W4393686034,https://doi.org/10.5281/zenodo.1346309,dataset,funder,Bridging The Chromosome-Centric And Biology And Disease Human Proteome Projects: Accessible And Automated Tools For Interpreting Biological And Pathological Impact Of Protein Sequence Variants Detected Via Proteogenomics,2018,2018-08-16,en,https://openalex.org/A5048331263,Ray Sajulga,first,https://orcid.org/0000-0002-9181-4303,,,,False,0,,,,0,61,,,,,https://openalex.org/T13937,"Genetics, Bioinformatics, and Biomedical Research",https://openalex.org/subfields/1312,Molecular Biology,https://openalex.org/fields/13,"Biochemistry, Genetics and Molecular Biology",https://openalex.org/domains/1,Life Sciences,False,datacite,Zenodo (CERN European Organization for Nuclear Research),True,gold,other-oa,https://openalex.org/I130238516,University of Minnesota,"University of Minnesota, Biochemistry, Molecular Biology and Biophysics",US,https://ror.org/017zqws13,https://openalex.org/I130238516
16,https://openalex.org/W4393686034,https://doi.org/10.5281/zenodo.1346309,dataset,funder,Bridging The Chromosome-Centric And Biology And Disease Human Proteome Projects: Accessible And Automated Tools For Interpreting Biological And Pathological Impact Of Protein Sequence Variants Detected Via Proteogenomics,2018,2018-08-16,en,https://openalex.org/A5082971131,Subina Mehta,middle,https://orcid.org/0000-0001-9818-0537,,,,False,0,,,,0,61,,,,,https://openalex.org/T13937,"Genetics, Bioinformatics, and Biomedical Research",https://openalex.org/subfields/1312,Molecular Biology,https://openalex.org/fields/13,"Biochemistry, Genetics and Molecular Biology",https://openalex.org/domains/1,Life Sciences,False,datacite,Zenodo (CERN European Organization for Nuclear Research),True,gold,other-oa,https://openalex.org/I130238516,University of Minnesota,"University of Minnesota, Biochemistry, Molecular Biology and Biophysics",US,https://ror.org/017zqws13,https://openalex.org/I130238516
17,https://openalex.org/W4393686034,https://doi.org/10.5281/zenodo.1346309,dataset,funder,Bridging The Chromosome-Centric And Biology And Disease Human Proteome Projects: Accessible And Automated Tools For Interpreting Biological And Pathological Impact Of Protein Sequence Variants Detected Via Proteogenomics,2018,2018-08-16,en,https://openalex.org/A5088936138,Candace R. Guerrero,middle,,,,,False,0,,,,0,61,,,,,https://openalex.org/T13937,"Genetics, Bioinformatics, and Biomedical Research",https://openalex.org/subfields/1312,Molecular Biology,https://openalex.org/fields/13,"Biochemistry, Genetics and Molecular Biology",https://openalex.org/domains/1,Life Sciences,False,datacite,Zenodo (CERN European Organization for Nuclear Research),True,gold,other-oa,https://openalex.org/I130238516,University of Minnesota,"University of Minnesota, Biochemistry, Molecular Biology and Biophysics",US,https://ror.org/017zqws13,https://openalex.org/I130238516
18,https://openalex.org/W4393686034,https://doi.org/10.5281/zenodo.1346309,dataset,funder,Bridging The Chromosome-Centric And Biology And Disease Human Proteome Projects: Accessible And Automated Tools For Interpreting Biological And Pathological Impact Of Protein Sequence Variants Detected Via Proteogenomics,2018,2018-08-16,en,https://openalex.org/A5067118759,Pratik Jagtap,middle,https://orcid.org/0000-0003-0984-0973,,,,False,0,,,,0,61,,,,,https://openalex.org/T13937,"Genetics, Bioinformatics, and Biomedical Research",https://openalex.org/subfields/1312,Molecular Biology,https://openalex.org/fields/13,"Biochemistry, Genetics and Molecular Biology",https://openalex.org/domains/1,Life Sciences,False,datacite,Zenodo (CERN European Organization for Nuclear Research),True,gold,other-oa,https://openalex.org/I130238516,University of Minnesota,"University of Minnesota, Biochemistry, Molecular Biology and Biophysics",US,https://ror.org/017zqws13,https://openalex.org/I130238516
19,https://openalex.org/W4393686034,https://doi.org/10.5281/zenodo.1346309,dataset,funder,Bridging The Chromosome-Centric And Biology And Disease Human Proteome Projects: Accessible And Automated Tools For Interpreting Biological And Pathological Impact Of Protein Sequence Variants Detected Via Proteogenomics,2018,2018-08-16,en,https://openalex.org/A5017175864,Timothy J. Griffin,last,https://orcid.org/0000-0001-6801-2559,,,,False,0,,,,0,61,,,,,https://openalex.org/T13937,"Genetics, Bioinformatics, and Biomedical Research",https://openalex.org/subfields/1312,Molecular Biology,https://openalex.org/fields/13,"Biochemistry, Genetics and Molecular Biology",https://openalex.org/domains/1,Life Sciences,False,datacite,Zenodo (CERN European Organization for Nuclear Research),True,gold,other-oa,https://openalex.org/I130238516,University of Minnesota,"University of Minnesota, Biochemistry, Molecular Biology and Biophysics",US,https://ror.org/017zqws13,https://openalex.org/I130238516
20,https://openalex.org/W4393761182,https://doi.org/10.5281/zenodo.1346308,dataset,funder,Bridging The Chromosome-Centric And Biology And Disease Human Proteome Projects: Accessible And Automated Tools For Interpreting Biological And Pathological Impact Of Protein Sequence Variants Detected Via Proteogenomics,2018,2018-08-16,en,https://openalex.org/A5048331263,Ray Sajulga,first,https://orcid.org/0000-0002-9181-4303,,,,False,0,,,,0,61,,,,,https://openalex.org/T13937,"Genetics, Bioinformatics, and Biomedical Research",https://openalex.org/subfields/1312,Molecular Biology,https://openalex.org/fields/13,"Biochemistry, Genetics and Molecular Biology",https://openalex.org/domains/1,Life Sciences,False,datacite,Zenodo (CERN European Organization for Nuclear Research),True,gold,other-oa,https://openalex.org/I130238516,University of Minnesota,"University of Minnesota, Biochemistry, Molecular Biology and Biophysics",US,https://ror.org/017zqws13,https://openalex.org/I130238516
21,https://openalex.org/W4393761182,https://doi.org/10.5281/zenodo.1346308,dataset,funder,Bridging The Chromosome-Centric And Biology And Disease Human Proteome Projects: Accessible And Automated Tools For Interpreting Biological And Pathological Impact Of Protein Sequence Variants Detected Via Proteogenomics,2018,2018-08-16,en,https://openalex.org/A5082971131,Subina Mehta,middle,https://orcid.org/0000-0001-9818-0537,,,,False,0,,,,0,61,,,,,https://openalex.org/T13937,"Genetics, Bioinformatics, and Biomedical Research",https://openalex.org/subfields/1312,Molecular Biology,https://openalex.org/fields/13,"Biochemistry, Genetics and Molecular Biology",https://openalex.org/domains/1,Life Sciences,False,datacite,Zenodo (CERN European Organization for Nuclear Research),True,gold,other-oa,https://openalex.org/I130238516,University of Minnesota,"University of Minnesota, Biochemistry, Molecular Biology and Biophysics",US,https://ror.org/017zqws13,https://openalex.org/I130238516
22,https://openalex.org/W4393761182,https://doi.org/10.5281/zenodo.1346308,dataset,funder,Bridging The Chromosome-Centric And Biology And Disease Human Proteome Projects: Accessible And Automated Tools For Interpreting Biological And Pathological Impact Of Protein Sequence Variants Detected Via Proteogenomics,2018,2018-08-16,en,https://openalex.org/A5088936138,Candace R. Guerrero,middle,,,,,False,0,,,,0,61,,,,,https://openalex.org/T13937,"Genetics, Bioinformatics, and Biomedical Research",https://openalex.org/subfields/1312,Molecular Biology,https://openalex.org/fields/13,"Biochemistry, Genetics and Molecular Biology",https://openalex.org/domains/1,Life Sciences,False,datacite,Zenodo (CERN European Organization for Nuclear Research),True,gold,other-oa,https://openalex.org/I130238516,University of Minnesota,"University of Minnesota, Biochemistry, Molecular Biology and Biophysics",US,https://ror.org/017zqws13,https://openalex.org/I130238516
23,https://openalex.org/W4393761182,https://doi.org/10.5281/zenodo.1346308,dataset,funder,Bridging The Chromosome-Centric And Biology And Disease Human Proteome Projects: Accessible And Automated Tools For Interpreting Biological And Pathological Impact Of Protein Sequence Variants Detected Via Proteogenomics,2018,2018-08-16,en,https://openalex.org/A5067118759,Pratik Jagtap,middle,https://orcid.org/0000-0003-0984-0973,,,,False,0,,,,0,61,,,,,https://openalex.org/T13937,"Genetics, Bioinformatics, and Biomedical Research",https://openalex.org/subfields/1312,Molecular Biology,https://openalex.org/fields/13,"Biochemistry, Genetics and Molecular Biology",https://openalex.org/domains/1,Life Sciences,False,datacite,Zenodo (CERN European Organization for Nuclear Research),True,gold,other-oa,https://openalex.org/I130238516,University of Minnesota,"University of Minnesota, Biochemistry, Molecular Biology and Biophysics",US,https://ror.org/017zqws13,https://openalex.org/I130238516
24,https://openalex.org/W4393761182,https://doi.org/10.5281/zenodo.1346308,dataset,funder,Bridging The Chromosome-Centric And Biology And Disease Human Proteome Projects: Accessible And Automated Tools For Interpreting Biological And Pathological Impact Of Protein Sequence Variants Detected Via Proteogenomics,2018,2018-08-16,en,https://openalex.org/A5017175864,Timothy J. Griffin,last,https://orcid.org/0000-0001-6801-2559,,,,False,0,,,,0,61,,,,,https://openalex.org/T13937,"Genetics, Bioinformatics, and Biomedical Research",https://openalex.org/subfields/1312,Molecular Biology,https://openalex.org/fields/13,"Biochemistry, Genetics and Molecular Biology",https://openalex.org/domains/1,Life Sciences,False,datacite,Zenodo (CERN European Organization for Nuclear Research),True,gold,other-oa,https://openalex.org/I130238516,University of Minnesota,"University of Minnesota, Biochemistry, Molecular Biology and Biophysics",US,https://ror.org/017zqws13,https://openalex.org/I130238516
25,https://openalex.org/W4398486935,https://doi.org/10.7910/dvn/jykl9m/kbiadr,dataset,funder,coder-1.Rda,2019,2019-01-01,,https://openalex.org/A5010260060,Andrew Proctor,last,https://orcid.org/0000-0002-2469-644X,,,,False,0,0.0,False,False,0,61,,,,,https://openalex.org/T11710,Biomedical Text Mining and Ontologies,https://openalex.org/subfields/1312,Molecular Biology,https://openalex.org/fields/13,"Biochemistry, Genetics and Molecular Biology",https://openalex.org/domains/1,Life Sciences,False,datacite,Harvard Dataverse,True,gold,other-oa,https://openalex.org/I130238516,University of Minnesota,(University of Minnesota),US,https://ror.org/017zqws13,https://openalex.org/I130238516
26,https://openalex.org/W4398741758,https://doi.org/10.7910/dvn/lseekb/li1xy4,dataset,funder,PA replication.zip,2019,2019-01-01,it,https://openalex.org/A5039454297,Jane L. Sumner,middle,https://orcid.org/0000-0001-6616-2238,,,,False,0,0.0,False,False,0,61,,,,,https://openalex.org/T10123,DNA Repair Mechanisms,https://openalex.org/subfields/1312,Molecular Biology,https://openalex.org/fields/13,"Biochemistry, Genetics and Molecular Biology",https://openalex.org/domains/1,Life Sciences,False,datacite,Harvard Dataverse,True,gold,other-oa,https://openalex.org/I130238516,University of Minnesota,(University of Minnesota),US,https://ror.org/017zqws13,https://openalex.org/I130238516
27,https://openalex.org/W4287816382,https://doi.org/10.5281/zenodo.3614043,dataset,funder,"Supplementary data for ""Machine learning-based prediction of activity and substrate specificity for OleA enzymes in the thiolase superfamily""",2020,2020-04-08,en,https://openalex.org/A5004798651,Serina L. Robinson,first,https://orcid.org/0000-0001-6947-7913,,,,False,0,0.0,False,False,0,60,,,,,https://openalex.org/T10836,Metabolomics and Mass Spectrometry Studies,https://openalex.org/subfields/1312,Molecular Biology,https://openalex.org/fields/13,"Biochemistry, Genetics and Molecular Biology",https://openalex.org/domains/1,Life Sciences,False,datacite,Zenodo (CERN European Organization for Nuclear Research),True,gold,cc-by,https://openalex.org/I130238516,University of Minnesota,"Univ. of Minnesota, Minneapolis, MN (United States)",US,https://ror.org/017zqws13,https://openalex.org/I130238516
28,https://openalex.org/W4287816382,https://doi.org/10.5281/zenodo.3614043,dataset,funder,"Supplementary data for ""Machine learning-based prediction of activity and substrate specificity for OleA enzymes in the thiolase superfamily""",2020,2020-04-08,en,https://openalex.org/A5022975459,Megan D. Smith,middle,https://orcid.org/0000-0001-9000-6622,,,,False,0,0.0,False,False,0,60,,,,,https://openalex.org/T10836,Metabolomics and Mass Spectrometry Studies,https://openalex.org/subfields/1312,Molecular Biology,https://openalex.org/fields/13,"Biochemistry, Genetics and Molecular Biology",https://openalex.org/domains/1,Life Sciences,False,datacite,Zenodo (CERN European Organization for Nuclear Research),True,gold,cc-by,https://openalex.org/I130238516,University of Minnesota,"Univ. of Minnesota, Minneapolis, MN (United States)",US,https://ror.org/017zqws13,https://openalex.org/I130238516
29,https://openalex.org/W4287816382,https://doi.org/10.5281/zenodo.3614043,dataset,funder,"Supplementary data for ""Machine learning-based prediction of activity and substrate specificity for OleA enzymes in the thiolase superfamily""",2020,2020-04-08,en,https://openalex.org/A5000608193,Jack E. Richman,middle,,,,,False,0,0.0,False,False,0,60,,,,,https://openalex.org/T10836,Metabolomics and Mass Spectrometry Studies,https://openalex.org/subfields/1312,Molecular Biology,https://openalex.org/fields/13,"Biochemistry, Genetics and Molecular Biology",https://openalex.org/domains/1,Life Sciences,False,datacite,Zenodo (CERN European Organization for Nuclear Research),True,gold,cc-by,https://openalex.org/I130238516,University of Minnesota,"Univ. of Minnesota, Minneapolis, MN (United States)",US,https://ror.org/017zqws13,https://openalex.org/I130238516
30,https://openalex.org/W4287816382,https://doi.org/10.5281/zenodo.3614043,dataset,funder,"Supplementary data for ""Machine learning-based prediction of activity and substrate specificity for OleA enzymes in the thiolase superfamily""",2020,2020-04-08,en,https://openalex.org/A5033633872,Kelly G. Aukema,middle,https://orcid.org/0000-0003-3566-7334,,,,False,0,0.0,False,False,0,60,,,,,https://openalex.org/T10836,Metabolomics and Mass Spectrometry Studies,https://openalex.org/subfields/1312,Molecular Biology,https://openalex.org/fields/13,"Biochemistry, Genetics and Molecular Biology",https://openalex.org/domains/1,Life Sciences,False,datacite,Zenodo (CERN European Organization for Nuclear Research),True,gold,cc-by,https://openalex.org/I130238516,University of Minnesota,"Univ. of Minnesota, Minneapolis, MN (United States)",US,https://ror.org/017zqws13,https://openalex.org/I130238516
31,https://openalex.org/W4287816382,https://doi.org/10.5281/zenodo.3614043,dataset,funder,"Supplementary data for ""Machine learning-based prediction of activity and substrate specificity for OleA enzymes in the thiolase superfamily""",2020,2020-04-08,en,https://openalex.org/A5036822828,Larry Wackett,last,,,,,False,0,0.0,False,False,0,60,,,,,https://openalex.org/T10836,Metabolomics and Mass Spectrometry Studies,https://openalex.org/subfields/1312,Molecular Biology,https://openalex.org/fields/13,"Biochemistry, Genetics and Molecular Biology",https://openalex.org/domains/1,Life Sciences,False,datacite,Zenodo (CERN European Organization for Nuclear Research),True,gold,cc-by,https://openalex.org/I130238516,University of Minnesota,"Univ. of Minnesota, Minneapolis, MN (United States)",US,https://ror.org/017zqws13,https://openalex.org/I130238516
32,https://openalex.org/W4393638141,https://doi.org/10.5281/zenodo.4010848,dataset,funder,Rapid conversion of isoprene photooxidation products in terrestrial plants,2020,2020-11-04,en,https://openalex.org/A5002309504,Dylan B. Millet,middle,https://orcid.org/0000-0003-3076-125X,,,,False,0,0.0,False,False,0,60,,,,,https://openalex.org/T10476,Algal biology and biofuel production,https://openalex.org/subfields/2105,"Renewable Energy, Sustainability and the Environment",https://openalex.org/fields/21,Energy,https://openalex.org/domains/3,Physical Sciences,False,datacite,Zenodo (CERN European Organization for Nuclear Research),True,gold,cc-by,https://openalex.org/I130238516,University of Minnesota,"Department of Soil, Water and Climate, University of Minnesota, 439 Borlaug Hall, St. Paul MN, USA",US,https://ror.org/017zqws13,https://openalex.org/I130238516
33,https://openalex.org/W4393638141,https://doi.org/10.5281/zenodo.4010848,dataset,funder,Rapid conversion of isoprene photooxidation products in terrestrial plants,2020,2020-11-04,en,https://openalex.org/A5002003856,Hariprasad D. Alwe,middle,https://orcid.org/0000-0003-3851-4106,,,,False,0,0.0,False,False,0,60,,,,,https://openalex.org/T10476,Algal biology and biofuel production,https://openalex.org/subfields/2105,"Renewable Energy, Sustainability and the Environment",https://openalex.org/fields/21,Energy,https://openalex.org/domains/3,Physical Sciences,False,datacite,Zenodo (CERN European Organization for Nuclear Research),True,gold,cc-by,https://openalex.org/I130238516,University of Minnesota,"Departement of Soil, Water and Climate, University of Minnesota, 439 Borlaug Hall, St. Paul MN, USA",US,https://ror.org/017zqws13,https://openalex.org/I130238516
34,https://openalex.org/W4393780585,https://doi.org/10.5281/zenodo.4010847,dataset,funder,Rapid conversion of isoprene photooxidation products in terrestrial plants,2020,2020-11-04,en,https://openalex.org/A5002309504,Dylan B. Millet,middle,https://orcid.org/0000-0003-3076-125X,,,,False,0,0.0,False,False,0,60,,,,,https://openalex.org/T10476,Algal biology and biofuel production,https://openalex.org/subfields/2105,"Renewable Energy, Sustainability and the Environment",https://openalex.org/fields/21,Energy,https://openalex.org/domains/3,Physical Sciences,False,datacite,Zenodo (CERN European Organization for Nuclear Research),True,gold,cc-by,https://openalex.org/I130238516,University of Minnesota,"Department of Soil, Water and Climate, University of Minnesota, 439 Borlaug Hall, St. Paul MN, USA",US,https://ror.org/017zqws13,https://openalex.org/I130238516
35,https://openalex.org/W4393780585,https://doi.org/10.5281/zenodo.4010847,dataset,funder,Rapid conversion of isoprene photooxidation products in terrestrial plants,2020,2020-11-04,en,https://openalex.org/A5002003856,Hariprasad D. Alwe,middle,https://orcid.org/0000-0003-3851-4106,,,,False,0,0.0,False,False,0,60,,,,,https://openalex.org/T10476,Algal biology and biofuel production,https://openalex.org/subfields/2105,"Renewable Energy, Sustainability and the Environment",https://openalex.org/fields/21,Energy,https://openalex.org/domains/3,Physical Sciences,False,datacite,Zenodo (CERN European Organization for Nuclear Research),True,gold,cc-by,https://openalex.org/I130238516,University of Minnesota,"Departement of Soil, Water and Climate, University of Minnesota, 439 Borlaug Hall, St. Paul MN, USA",US,https://ror.org/017zqws13,https://openalex.org/I130238516
36,https://openalex.org/W4398869705,https://doi.org/10.7910/dvn/wy19s9,dataset,funder,Replication Data for: Salt-tolerant rice variety adoption in the Mekong River Delta,2020,2020-01-01,en,https://openalex.org/A5043451697,SongYi Paik,first,,,,,False,0,0.0,False,False,0,60,,,,,https://openalex.org/T12045,Rice Cultivation and Yield Improvement,https://openalex.org/subfields/1110,Plant Science,https://openalex.org/fields/11,Agricultural and Biological Sciences,https://openalex.org/domains/1,Life Sciences,False,datacite,Harvard Dataverse,True,gold,other-oa,https://openalex.org/I130238516,University of Minnesota,(University of Minnesota),US,https://ror.org/017zqws13,https://openalex.org/I130238516
37,https://openalex.org/W4398953495,https://doi.org/10.7910/dvn/wy19s9/tbrgqg,dataset,funder,Replication Data for: Salt-tolerant rice variety adoption in the Mekong River Delta Replication Data.zip,2020,2020-01-01,en,https://openalex.org/A5043451697,SongYi Paik,first,,,,,False,0,0.0,False,False,0,60,,,,,https://openalex.org/T12045,Rice Cultivation and Yield Improvement,https://openalex.org/subfields/1110,Plant Science,https://openalex.org/fields/11,Agricultural and Biological Sciences,https://openalex.org/domains/1,Life Sciences,False,datacite,Harvard Dataverse,True,gold,other-oa,https://openalex.org/I130238516,University of Minnesota,(University of Minnesota),US,https://ror.org/017zqws13,https://openalex.org/I130238516
38,https://openalex.org/W4398983138,https://doi.org/10.7910/dvn/xyz1na/svxsbm,dataset,funder,INFCPI10YR.tab,2020,2020-01-01,,https://openalex.org/A5007859940,Thomas Hasenzagl,first,,,,,False,0,0.0,False,False,0,60,,,,,https://openalex.org/T12104,Protein Tyrosine Phosphatases,https://openalex.org/subfields/1312,Molecular Biology,https://openalex.org/fields/13,"Biochemistry, Genetics and Molecular Biology",https://openalex.org/domains/1,Life Sciences,False,datacite,Harvard Dataverse,True,gold,other-oa,https://openalex.org/I130238516,University of Minnesota,(University of Minnesota),US,https://ror.org/017zqws13,https://openalex.org/I130238516
39,https://openalex.org/W4281289003,https://doi.org/10.1515/iupac.93.0201,dataset,funder,194 Recombinant Enzyme,2022,2022-05-23,en,https://openalex.org/A5110629447,Phillip Portoghese,middle,,,,,False,0,0.0,False,False,0,58,,,,,https://openalex.org/T10404,Enzyme Catalysis and Immobilization,https://openalex.org/subfields/1312,Molecular Biology,https://openalex.org/fields/13,"Biochemistry, Genetics and Molecular Biology",https://openalex.org/domains/1,Life Sciences,False,crossref,IUPAC Standards Online,False,closed,,https://openalex.org/I130238516,University of Minnesota,"Department of Medicinal Chemistry, University of Minnesota, Minneapolis, Minnesota, USA (now same), (TGM)",US,https://ror.org/017zqws13,https://openalex.org/I130238516
40,https://openalex.org/W4281291580,https://doi.org/10.1515/iupac.93.0019,dataset,funder,12 Aldehyde Oxidase (Ao),2022,2022-05-23,en,https://openalex.org/A5110629447,Phillip Portoghese,middle,,,,,False,0,0.0,False,False,0,58,,,,,https://openalex.org/T10932,Microbial Metabolic Engineering and Bioproduction,https://openalex.org/subfields/1312,Molecular Biology,https://openalex.org/fields/13,"Biochemistry, Genetics and Molecular Biology",https://openalex.org/domains/1,Life Sciences,False,crossref,IUPAC Standards Online,False,closed,,https://openalex.org/I130238516,University of Minnesota,"Department of Medicinal Chemistry, University of Minnesota, Minneapolis, Minnesota, USA (now same), (TGM)",US,https://ror.org/017zqws13,https://openalex.org/I130238516
41,https://openalex.org/W4281297407,https://doi.org/10.1515/iupac.93.0235,dataset,funder,228 Ultra-Rapid Metabolizer,2022,2022-05-23,en,https://openalex.org/A5110629447,Phillip Portoghese,middle,,,,,False,0,0.0,False,False,0,58,,,,,https://openalex.org/T10932,Microbial Metabolic Engineering and Bioproduction,https://openalex.org/subfields/1312,Molecular Biology,https://openalex.org/fields/13,"Biochemistry, Genetics and Molecular Biology",https://openalex.org/domains/1,Life Sciences,False,crossref,IUPAC Standards Online,False,closed,,https://openalex.org/I130238516,University of Minnesota,"Department of Medicinal Chemistry, University of Minnesota, Minneapolis, Minnesota, USA (now same), (TGM)",US,https://ror.org/017zqws13,https://openalex.org/I130238516
42,https://openalex.org/W4281297410,https://doi.org/10.1515/iupac.93.0052,dataset,funder,45 Cysteine-S-Conjugate Β-Lyase (C-S Lyase),2022,2022-05-23,en,https://openalex.org/A5110629447,Phillip Portoghese,middle,,,,,False,0,0.0,False,False,0,58,,,,,https://openalex.org/T12827,Biochemical and Molecular Research,https://openalex.org/subfields/1312,Molecular Biology,https://openalex.org/fields/13,"Biochemistry, Genetics and Molecular Biology",https://openalex.org/domains/1,Life Sciences,False,crossref,IUPAC Standards Online,False,closed,,https://openalex.org/I130238516,University of Minnesota,"Department of Medicinal Chemistry, University of Minnesota, Minneapolis, Minnesota, USA (now same), (TGM)",US,https://ror.org/017zqws13,https://openalex.org/I130238516
43,https://openalex.org/W4281382326,https://doi.org/10.1515/iupac.93.0232,dataset,funder,225 Thiopurine S-Methyltransferase (Tpmt),2022,2022-05-23,en,https://openalex.org/A5110629447,Phillip Portoghese,middle,,,,,False,0,0.0,False,False,0,58,,,,,https://openalex.org/T13984,"Nutrition, Genetics, and Disease",https://openalex.org/subfields/1311,Genetics,https://openalex.org/fields/13,"Biochemistry, Genetics and Molecular Biology",https://openalex.org/domains/1,Life Sciences,False,crossref,IUPAC Standards Online,False,closed,,https://openalex.org/I130238516,University of Minnesota,"Department of Medicinal Chemistry, University of Minnesota, Minneapolis, Minnesota, USA (now same), (TGM)",US,https://ror.org/017zqws13,https://openalex.org/I130238516
44,https://openalex.org/W4281383347,https://doi.org/10.1515/iupac.93.0105,dataset,funder,98 Gut Microflora,2022,2022-05-23,en,https://openalex.org/A5110629447,Phillip Portoghese,middle,,,,,False,0,0.0,False,False,0,58,,,,,https://openalex.org/T13984,"Nutrition, Genetics, and Disease",https://openalex.org/subfields/1311,Genetics,https://openalex.org/fields/13,"Biochemistry, Genetics and Molecular Biology",https://openalex.org/domains/1,Life Sciences,False,crossref,IUPAC Standards Online,False,closed,,https://openalex.org/I130238516,University of Minnesota,"Department of Medicinal Chemistry, University of Minnesota, Minneapolis, Minnesota, USA (now same), (TGM)",US,https://ror.org/017zqws13,https://openalex.org/I130238516
45,https://openalex.org/W4281383625,https://doi.org/10.1515/iupac.93.0244,dataset,funder,237 Wild-Type Enzyme,2022,2022-05-23,en,https://openalex.org/A5110629447,Phillip Portoghese,middle,,,,,False,0,0.0,False,False,0,58,,,,,https://openalex.org/T10404,Enzyme Catalysis and Immobilization,https://openalex.org/subfields/1312,Molecular Biology,https://openalex.org/fields/13,"Biochemistry, Genetics and Molecular Biology",https://openalex.org/domains/1,Life Sciences,False,crossref,IUPAC Standards Online,False,closed,,https://openalex.org/I130238516,University of Minnesota,"Department of Medicinal Chemistry, University of Minnesota, Minneapolis, Minnesota, USA (now same), (TGM)",US,https://ror.org/017zqws13,https://openalex.org/I130238516
46,https://openalex.org/W4281384682,https://doi.org/10.1515/iupac.93.0189,dataset,funder,182 Presystemic Metabolism,2022,2022-05-23,en,https://openalex.org/A5110629447,Phillip Portoghese,middle,,,,,False,0,0.0,False,False,0,58,,,,,https://openalex.org/T10932,Microbial Metabolic Engineering and Bioproduction,https://openalex.org/subfields/1312,Molecular Biology,https://openalex.org/fields/13,"Biochemistry, Genetics and Molecular Biology",https://openalex.org/domains/1,Life Sciences,False,crossref,IUPAC Standards Online,False,closed,,https://openalex.org/I130238516,University of Minnesota,"Department of Medicinal Chemistry, University of Minnesota, Minneapolis, Minnesota, USA (now same), (TGM)",US,https://ror.org/017zqws13,https://openalex.org/I130238516
47,https://openalex.org/W4281388624,https://doi.org/10.1515/iupac.93.0216,dataset,funder,209 Single-Nucleotide Polymorphism (Snp),2022,2022-05-23,en,https://openalex.org/A5110629447,Phillip Portoghese,middle,,,,,False,0,0.0,False,False,0,58,,,,,https://openalex.org/T12827,Biochemical and Molecular Research,https://openalex.org/subfields/1312,Molecular Biology,https://openalex.org/fields/13,"Biochemistry, Genetics and Molecular Biology",https://openalex.org/domains/1,Life Sciences,False,crossref,IUPAC Standards Online,False,closed,,https://openalex.org/I130238516,University of Minnesota,"Department of Medicinal Chemistry, University of Minnesota, Minneapolis, Minnesota, USA (now same), (TGM)",US,https://ror.org/017zqws13,https://openalex.org/I130238516
48,https://openalex.org/W4281389984,https://doi.org/10.1515/iupac.93.0132,dataset,funder,125 Metabolic Probe,2022,2022-05-23,en,https://openalex.org/A5110629447,Phillip Portoghese,middle,,,,,False,0,0.0,False,False,0,58,,,,,https://openalex.org/T10836,Metabolomics and Mass Spectrometry Studies,https://openalex.org/subfields/1312,Molecular Biology,https://openalex.org/fields/13,"Biochemistry, Genetics and Molecular Biology",https://openalex.org/domains/1,Life Sciences,False,crossref,IUPAC Standards Online,False,closed,,https://openalex.org/I130238516,University of Minnesota,"Department of Medicinal Chemistry, University of Minnesota, Minneapolis, Minnesota, USA (now same), (TGM)",US,https://ror.org/017zqws13,https://openalex.org/I130238516
49,https://openalex.org/W4281390607,https://doi.org/10.1515/iupac.93.0182,dataset,funder,175 Plasma and Serum; Plasma and Serum Concentration,2022,2022-05-23,en,https://openalex.org/A5110629447,Phillip Portoghese,middle,,,,,False,0,0.0,False,False,0,58,,,,,https://openalex.org/T14135,Cancer and biochemical research,https://openalex.org/subfields/1312,Molecular Biology,https://openalex.org/fields/13,"Biochemistry, Genetics and Molecular Biology",https://openalex.org/domains/1,Life Sciences,False,crossref,IUPAC Standards Online,False,closed,,https://openalex.org/I130238516,University of Minnesota,"Department of Medicinal Chemistry, University of Minnesota, Minneapolis, Minnesota, USA (now same), (TGM)",US,https://ror.org/017zqws13,https://openalex.org/I130238516
50,https://openalex.org/W4281394113,https://doi.org/10.1515/iupac.93.0080,dataset,funder,73 Enzyme,2022,2022-05-23,en,https://openalex.org/A5110629447,Phillip Portoghese,middle,,,,,False,0,0.0,False,False,0,58,,,,,https://openalex.org/T10404,Enzyme Catalysis and Immobilization,https://openalex.org/subfields/1312,Molecular Biology,https://openalex.org/fields/13,"Biochemistry, Genetics and Molecular Biology",https://openalex.org/domains/1,Life Sciences,False,crossref,IUPAC Standards Online,False,closed,,https://openalex.org/I130238516,University of Minnesota,"Department of Medicinal Chemistry, University of Minnesota, Minneapolis, Minnesota, USA (now same), (TGM)",US,https://ror.org/017zqws13,https://openalex.org/I130238516
51,https://openalex.org/W4281394115,https://doi.org/10.1515/iupac.93.0103,dataset,funder,96 Glycine Conjugation,2022,2022-05-23,en,https://openalex.org/A5110629447,Phillip Portoghese,middle,,,,,False,0,0.0,False,False,0,58,,,,,https://openalex.org/T10911,Chemical Synthesis and Analysis,https://openalex.org/subfields/1312,Molecular Biology,https://openalex.org/fields/13,"Biochemistry, Genetics and Molecular Biology",https://openalex.org/domains/1,Life Sciences,False,crossref,IUPAC Standards Online,False,closed,,https://openalex.org/I130238516,University of Minnesota,"Department of Medicinal Chemistry, University of Minnesota, Minneapolis, Minnesota, USA (now same), (TGM)",US,https://ror.org/017zqws13,https://openalex.org/I130238516
52,https://openalex.org/W4281395264,https://doi.org/10.1515/iupac.93.0220,dataset,funder,213 Stereoselective and Stereospecific Metabolism,2022,2022-05-23,en,https://openalex.org/A5110629447,Phillip Portoghese,middle,,,,,False,0,0.0,False,False,0,58,,,,,https://openalex.org/T10932,Microbial Metabolic Engineering and Bioproduction,https://openalex.org/subfields/1312,Molecular Biology,https://openalex.org/fields/13,"Biochemistry, Genetics and Molecular Biology",https://openalex.org/domains/1,Life Sciences,False,crossref,IUPAC Standards Online,False,closed,,https://openalex.org/I130238516,University of Minnesota,"Department of Medicinal Chemistry, University of Minnesota, Minneapolis, Minnesota, USA (now same), (TGM)",US,https://ror.org/017zqws13,https://openalex.org/I130238516
53,https://openalex.org/W4281395544,https://doi.org/10.1515/iupac.93.0104,dataset,funder,97 Glycosylation (Or Glycosidation),2022,2022-05-23,en,https://openalex.org/A5110629447,Phillip Portoghese,middle,,,,,False,0,0.0,False,False,0,58,,,,,https://openalex.org/T13937,"Genetics, Bioinformatics, and Biomedical Research",https://openalex.org/subfields/1312,Molecular Biology,https://openalex.org/fields/13,"Biochemistry, Genetics and Molecular Biology",https://openalex.org/domains/1,Life Sciences,False,crossref,IUPAC Standards Online,False,closed,,https://openalex.org/I130238516,University of Minnesota,"Department of Medicinal Chemistry, University of Minnesota, Minneapolis, Minnesota, USA (now same), (TGM)",US,https://ror.org/017zqws13,https://openalex.org/I130238516
54,https://openalex.org/W4281395733,https://doi.org/10.1515/iupac.93.0161,dataset,funder,154 N-Oxidation,2022,2022-05-23,en,https://openalex.org/A5110629447,Phillip Portoghese,middle,,,,,False,0,0.0,False,False,0,58,,,,,https://openalex.org/T12763,ATP Synthase and ATPases Research,https://openalex.org/subfields/1312,Molecular Biology,https://openalex.org/fields/13,"Biochemistry, Genetics and Molecular Biology",https://openalex.org/domains/1,Life Sciences,False,crossref,IUPAC Standards Online,False,closed,,https://openalex.org/I130238516,University of Minnesota,"Department of Medicinal Chemistry, University of Minnesota, Minneapolis, Minnesota, USA (now same), (TGM)",US,https://ror.org/017zqws13,https://openalex.org/I130238516
55,https://openalex.org/W4281398596,https://doi.org/10.1515/iupac.93.0102,dataset,funder,95 Glutathione Transferase (Gst),2022,2022-05-23,en,https://openalex.org/A5110629447,Phillip Portoghese,middle,,,,,False,0,0.0,False,False,0,58,,,,,https://openalex.org/T12187,Glutathione Transferases and Polymorphisms,https://openalex.org/subfields/1312,Molecular Biology,https://openalex.org/fields/13,"Biochemistry, Genetics and Molecular Biology",https://openalex.org/domains/1,Life Sciences,False,crossref,IUPAC Standards Online,False,closed,,https://openalex.org/I130238516,University of Minnesota,"Department of Medicinal Chemistry, University of Minnesota, Minneapolis, Minnesota, USA (now same), (TGM)",US,https://ror.org/017zqws13,https://openalex.org/I130238516
56,https://openalex.org/W4281398931,https://doi.org/10.1515/iupac.93.0183,dataset,funder,176 Plasma Protein Binding (Ppb),2022,2022-05-23,en,https://openalex.org/A5110629447,Phillip Portoghese,middle,,,,,False,0,0.0,False,False,0,58,,,,,https://openalex.org/T13937,"Genetics, Bioinformatics, and Biomedical Research",https://openalex.org/subfields/1312,Molecular Biology,https://openalex.org/fields/13,"Biochemistry, Genetics and Molecular Biology",https://openalex.org/domains/1,Life Sciences,False,crossref,IUPAC Standards Online,False,closed,,https://openalex.org/I130238516,University of Minnesota,"Department of Medicinal Chemistry, University of Minnesota, Minneapolis, Minnesota, USA (now same), (TGM)",US,https://ror.org/017zqws13,https://openalex.org/I130238516
57,https://openalex.org/W4281399543,https://doi.org/10.1515/iupac.93.0215,dataset,funder,208 Serine Conjugation,2022,2022-05-23,en,https://openalex.org/A5110629447,Phillip Portoghese,middle,,,,,False,0,0.0,False,False,0,58,,,,,https://openalex.org/T10911,Chemical Synthesis and Analysis,https://openalex.org/subfields/1312,Molecular Biology,https://openalex.org/fields/13,"Biochemistry, Genetics and Molecular Biology",https://openalex.org/domains/1,Life Sciences,False,crossref,IUPAC Standards Online,False,closed,,https://openalex.org/I130238516,University of Minnesota,"Department of Medicinal Chemistry, University of Minnesota, Minneapolis, Minnesota, USA (now same), (TGM)",US,https://ror.org/017zqws13,https://openalex.org/I130238516
58,https://openalex.org/W4390410790,https://doi.org/10.6084/m9.figshare.c.5990986.v1,dataset,funder,Climate and hydraulic traits interact to set threshold for liana viability,2022,2022-05-11,en,https://openalex.org/A5067968850,Jennifer S. Powers,middle,https://orcid.org/0000-0003-3451-4803,,,,False,0,0.0,False,False,0,58,,,,,https://openalex.org/T12455,Mediterranean and Iberian flora and fauna,https://openalex.org/subfields/1110,Plant Science,https://openalex.org/fields/11,Agricultural and Biological Sciences,https://openalex.org/domains/1,Life Sciences,False,,OSTI OAI (U.S. Department of Energy Office of Scientific and Technical Information),False,closed,,https://openalex.org/I130238516,University of Minnesota,"Univ. of Minnesota, St. Paul, MN (United States)",US,https://ror.org/017zqws13,https://openalex.org/I130238516
59,https://openalex.org/W4393920958,https://doi.org/10.5281/zenodo.6382440,dataset,funder,"The evolutionary patterns of barley pericentromeric chromosome regions, as shaped by linkage disequilibrium and domestication",2022,2022-06-16,en,https://openalex.org/A5100736794,Lei Li,middle,https://orcid.org/0000-0001-5708-0118,,,,False,0,0.0,False,False,0,58,,,,,https://openalex.org/T10733,Wheat and Barley Genetics and Pathology,https://openalex.org/subfields/1110,Plant Science,https://openalex.org/fields/11,Agricultural and Biological Sciences,https://openalex.org/domains/1,Life Sciences,False,datacite,Zenodo (CERN European Organization for Nuclear Research),True,gold,cc-by,https://openalex.org/I130238516,University of Minnesota,"University of Minnesota, Dept Agronomy & Plant Genetics, 411 Borlaug Hall, 1991 Buford Circle, St Paul, MN 55108, USA",US,https://ror.org/017zqws13,https://openalex.org/I130238516
60,https://openalex.org/W4393920958,https://doi.org/10.5281/zenodo.6382440,dataset,funder,"The evolutionary patterns of barley pericentromeric chromosome regions, as shaped by linkage disequilibrium and domestication",2022,2022-06-16,en,https://openalex.org/A5066737118,Chaochih Liu,middle,https://orcid.org/0000-0002-2179-9638,,,,False,0,0.0,False,False,0,58,,,,,https://openalex.org/T10733,Wheat and Barley Genetics and Pathology,https://openalex.org/subfields/1110,Plant Science,https://openalex.org/fields/11,Agricultural and Biological Sciences,https://openalex.org/domains/1,Life Sciences,False,datacite,Zenodo (CERN European Organization for Nuclear Research),True,gold,cc-by,https://openalex.org/I130238516,University of Minnesota,"University of Minnesota, Dept Agronomy & Plant Genetics, 411 Borlaug Hall, 1991 Buford Circle, St Paul, MN 55108, USA",US,https://ror.org/017zqws13,https://openalex.org/I130238516
61,https://openalex.org/W4393920958,https://doi.org/10.5281/zenodo.6382440,dataset,funder,"The evolutionary patterns of barley pericentromeric chromosome regions, as shaped by linkage disequilibrium and domestication",2022,2022-06-16,en,https://openalex.org/A5010597922,Kevin P. Smith,middle,https://orcid.org/0000-0001-8253-3326,,,,False,0,0.0,False,False,0,58,,,,,https://openalex.org/T10733,Wheat and Barley Genetics and Pathology,https://openalex.org/subfields/1110,Plant Science,https://openalex.org/fields/11,Agricultural and Biological Sciences,https://openalex.org/domains/1,Life Sciences,False,datacite,Zenodo (CERN European Organization for Nuclear Research),True,gold,cc-by,https://openalex.org/I130238516,University of Minnesota,"University of Minnesota, Dept Agronomy & Plant Genetics, 411 Borlaug Hall, 1991 Buford Circle, St Paul, MN 55108, USA",US,https://ror.org/017zqws13,https://openalex.org/I130238516
62,https://openalex.org/W4393920958,https://doi.org/10.5281/zenodo.6382440,dataset,funder,"The evolutionary patterns of barley pericentromeric chromosome regions, as shaped by linkage disequilibrium and domestication",2022,2022-06-16,en,https://openalex.org/A5027229386,Gary J. Muehlbauer,middle,https://orcid.org/0000-0001-9320-2629,,,,False,0,0.0,False,False,0,58,,,,,https://openalex.org/T10733,Wheat and Barley Genetics and Pathology,https://openalex.org/subfields/1110,Plant Science,https://openalex.org/fields/11,Agricultural and Biological Sciences,https://openalex.org/domains/1,Life Sciences,False,datacite,Zenodo (CERN European Organization for Nuclear Research),True,gold,cc-by,https://openalex.org/I130238516,University of Minnesota,"University of Minnesota, Dept Agronomy & Plant Genetics, 411 Borlaug Hall, 1991 Buford Circle, St Paul, MN 55108, USA",US,https://ror.org/017zqws13,https://openalex.org/I130238516
63,https://openalex.org/W4393920958,https://doi.org/10.5281/zenodo.6382440,dataset,funder,"The evolutionary patterns of barley pericentromeric chromosome regions, as shaped by linkage disequilibrium and domestication",2022,2022-06-16,en,https://openalex.org/A5087006924,Brian J. Steffenson,middle,https://orcid.org/0000-0001-7961-5363,,,,False,0,0.0,False,False,0,58,,,,,https://openalex.org/T10733,Wheat and Barley Genetics and Pathology,https://openalex.org/subfields/1110,Plant Science,https://openalex.org/fields/11,Agricultural and Biological Sciences,https://openalex.org/domains/1,Life Sciences,False,datacite,Zenodo (CERN European Organization for Nuclear Research),True,gold,cc-by,https://openalex.org/I130238516,University of Minnesota,"University of Minnesota, Department of Plant Pathology, 495 Borlaug Hall, 1991 Buford Circle, St. Paul, MN 55108, USA",US,https://ror.org/017zqws13,https://openalex.org/I130238516
64,https://openalex.org/W4393920958,https://doi.org/10.5281/zenodo.6382440,dataset,funder,"The evolutionary patterns of barley pericentromeric chromosome regions, as shaped by linkage disequilibrium and domestication",2022,2022-06-16,en,https://openalex.org/A5077286929,Peter L. Morrell,middle,https://orcid.org/0000-0001-6282-1582,,,,False,0,0.0,False,False,0,58,,,,,https://openalex.org/T10733,Wheat and Barley Genetics and Pathology,https://openalex.org/subfields/1110,Plant Science,https://openalex.org/fields/11,Agricultural and Biological Sciences,https://openalex.org/domains/1,Life Sciences,False,datacite,Zenodo (CERN European Organization for Nuclear Research),True,gold,cc-by,https://openalex.org/I130238516,University of Minnesota,"University of Minnesota, Dept Agronomy & Plant Genetics, 411 Borlaug Hall, 1991 Buford Circle, St Paul, MN 55108, USA",US,https://ror.org/017zqws13,https://openalex.org/I130238516
65,https://openalex.org/W4393921047,https://doi.org/10.5281/zenodo.6382439,dataset,funder,"The evolutionary patterns of barley pericentromeric chromosome regions, as shaped by linkage disequilibrium and domestication",2022,2022-06-16,en,https://openalex.org/A5100736794,Lei Li,middle,https://orcid.org/0000-0001-5708-0118,,,,False,0,0.0,False,False,0,58,,,,,https://openalex.org/T10733,Wheat and Barley Genetics and Pathology,https://openalex.org/subfields/1110,Plant Science,https://openalex.org/fields/11,Agricultural and Biological Sciences,https://openalex.org/domains/1,Life Sciences,False,datacite,Zenodo (CERN European Organization for Nuclear Research),True,gold,cc-by,https://openalex.org/I130238516,University of Minnesota,"University of Minnesota, Dept Agronomy & Plant Genetics, 411 Borlaug Hall, 1991 Buford Circle, St Paul, MN 55108, USA",US,https://ror.org/017zqws13,https://openalex.org/I130238516
66,https://openalex.org/W4393921047,https://doi.org/10.5281/zenodo.6382439,dataset,funder,"The evolutionary patterns of barley pericentromeric chromosome regions, as shaped by linkage disequilibrium and domestication",2022,2022-06-16,en,https://openalex.org/A5066737118,Chaochih Liu,middle,https://orcid.org/0000-0002-2179-9638,,,,False,0,0.0,False,False,0,58,,,,,https://openalex.org/T10733,Wheat and Barley Genetics and Pathology,https://openalex.org/subfields/1110,Plant Science,https://openalex.org/fields/11,Agricultural and Biological Sciences,https://openalex.org/domains/1,Life Sciences,False,datacite,Zenodo (CERN European Organization for Nuclear Research),True,gold,cc-by,https://openalex.org/I130238516,University of Minnesota,"University of Minnesota, Dept Agronomy & Plant Genetics, 411 Borlaug Hall, 1991 Buford Circle, St Paul, MN 55108, USA",US,https://ror.org/017zqws13,https://openalex.org/I130238516
67,https://openalex.org/W4393921047,https://doi.org/10.5281/zenodo.6382439,dataset,funder,"The evolutionary patterns of barley pericentromeric chromosome regions, as shaped by linkage disequilibrium and domestication",2022,2022-06-16,en,https://openalex.org/A5010597922,Kevin P. Smith,middle,https://orcid.org/0000-0001-8253-3326,,,,False,0,0.0,False,False,0,58,,,,,https://openalex.org/T10733,Wheat and Barley Genetics and Pathology,https://openalex.org/subfields/1110,Plant Science,https://openalex.org/fields/11,Agricultural and Biological Sciences,https://openalex.org/domains/1,Life Sciences,False,datacite,Zenodo (CERN European Organization for Nuclear Research),True,gold,cc-by,https://openalex.org/I130238516,University of Minnesota,"University of Minnesota, Dept Agronomy & Plant Genetics, 411 Borlaug Hall, 1991 Buford Circle, St Paul, MN 55108, USA",US,https://ror.org/017zqws13,https://openalex.org/I130238516
68,https://openalex.org/W4393921047,https://doi.org/10.5281/zenodo.6382439,dataset,funder,"The evolutionary patterns of barley pericentromeric chromosome regions, as shaped by linkage disequilibrium and domestication",2022,2022-06-16,en,https://openalex.org/A5027229386,Gary J. Muehlbauer,middle,https://orcid.org/0000-0001-9320-2629,,,,False,0,0.0,False,False,0,58,,,,,https://openalex.org/T10733,Wheat and Barley Genetics and Pathology,https://openalex.org/subfields/1110,Plant Science,https://openalex.org/fields/11,Agricultural and Biological Sciences,https://openalex.org/domains/1,Life Sciences,False,datacite,Zenodo (CERN European Organization for Nuclear Research),True,gold,cc-by,https://openalex.org/I130238516,University of Minnesota,"University of Minnesota, Dept Agronomy & Plant Genetics, 411 Borlaug Hall, 1991 Buford Circle, St Paul, MN 55108, USA",US,https://ror.org/017zqws13,https://openalex.org/I130238516
69,https://openalex.org/W4393921047,https://doi.org/10.5281/zenodo.6382439,dataset,funder,"The evolutionary patterns of barley pericentromeric chromosome regions, as shaped by linkage disequilibrium and domestication",2022,2022-06-16,en,https://openalex.org/A5087006924,Brian J. Steffenson,middle,https://orcid.org/0000-0001-7961-5363,,,,False,0,0.0,False,False,0,58,,,,,https://openalex.org/T10733,Wheat and Barley Genetics and Pathology,https://openalex.org/subfields/1110,Plant Science,https://openalex.org/fields/11,Agricultural and Biological Sciences,https://openalex.org/domains/1,Life Sciences,False,datacite,Zenodo (CERN European Organization for Nuclear Research),True,gold,cc-by,https://openalex.org/I130238516,University of Minnesota,"University of Minnesota, Department of Plant Pathology, 495 Borlaug Hall, 1991 Buford Circle, St. Paul, MN 55108, USA",US,https://ror.org/017zqws13,https://openalex.org/I130238516
70,https://openalex.org/W4393921047,https://doi.org/10.5281/zenodo.6382439,dataset,funder,"The evolutionary patterns of barley pericentromeric chromosome regions, as shaped by linkage disequilibrium and domestication",2022,2022-06-16,en,https://openalex.org/A5077286929,Peter L. Morrell,middle,https://orcid.org/0000-0001-6282-1582,,,,False,0,0.0,False,False,0,58,,,,,https://openalex.org/T10733,Wheat and Barley Genetics and Pathology,https://openalex.org/subfields/1110,Plant Science,https://openalex.org/fields/11,Agricultural and Biological Sciences,https://openalex.org/domains/1,Life Sciences,False,datacite,Zenodo (CERN European Organization for Nuclear Research),True,gold,cc-by,https://openalex.org/I130238516,University of Minnesota,"University of Minnesota, Dept Agronomy & Plant Genetics, 411 Borlaug Hall, 1991 Buford Circle, St Paul, MN 55108, USA",US,https://ror.org/017zqws13,https://openalex.org/I130238516
71,https://openalex.org/W4398582110,https://doi.org/10.7910/dvn/gbqinf,dataset,funder,Documentation of Minnesota farmland value calculations for 2021,2022,2022-01-01,en,https://openalex.org/A5077864689,William F. Lazarus,first,https://orcid.org/0000-0003-3133-2318,,,,False,0,0.0,False,False,0,58,,,,,https://openalex.org/T12033,Agricultural Economics and Policy,https://openalex.org/subfields/1100,General Agricultural and Biological Sciences,https://openalex.org/fields/11,Agricultural and Biological Sciences,https://openalex.org/domains/1,Life Sciences,False,datacite,Harvard Dataverse,True,gold,other-oa,https://openalex.org/I130238516,University of Minnesota,(University of Minnesota),US,https://ror.org/017zqws13,https://openalex.org/I130238516
72,https://openalex.org/W4398599402,https://doi.org/10.7910/dvn/bubb5i,dataset,funder,Moana-Filho_ChrTMD-stimfMRI-DentoalveolarStim_Database,2022,2022-01-01,en,https://openalex.org/A5041240985,E. J. Moana-Filho,first,https://orcid.org/0000-0001-9642-944X,,,,False,0,0.0,False,False,0,58,,,,,https://openalex.org/T11374,Cleft Lip and Palate Research,https://openalex.org/subfields/1311,Genetics,https://openalex.org/fields/13,"Biochemistry, Genetics and Molecular Biology",https://openalex.org/domains/1,Life Sciences,False,datacite,Harvard Dataverse,True,gold,other-oa,https://openalex.org/I130238516,University of Minnesota,(University of Minnesota),US,https://ror.org/017zqws13,https://openalex.org/I130238516
73,https://openalex.org/W4398917647,https://doi.org/10.7910/dvn/wma92t,dataset,funder,Documentation for Minnesota farmland value calculations for 1993-98,2022,2022-01-01,en,https://openalex.org/A5077864689,William F. Lazarus,first,https://orcid.org/0000-0003-3133-2318,,,,False,0,0.0,False,False,0,58,,,,,https://openalex.org/T12033,Agricultural Economics and Policy,https://openalex.org/subfields/1100,General Agricultural and Biological Sciences,https://openalex.org/fields/11,Agricultural and Biological Sciences,https://openalex.org/domains/1,Life Sciences,False,datacite,Harvard Dataverse,True,gold,other-oa,https://openalex.org/I130238516,University of Minnesota,(University of Minnesota),US,https://ror.org/017zqws13,https://openalex.org/I130238516
74,https://openalex.org/W4398939289,https://doi.org/10.7910/dvn/qo4zhv,dataset,funder,Documentation of Minnesota farmland assessor estimated mkt value calculations for 2021,2022,2022-01-01,en,https://openalex.org/A5077864689,William F. Lazarus,first,https://orcid.org/0000-0003-3133-2318,,,,False,0,0.0,False,False,0,58,,,,,https://openalex.org/T12033,Agricultural Economics and Policy,https://openalex.org/subfields/1100,General Agricultural and Biological Sciences,https://openalex.org/fields/11,Agricultural and Biological Sciences,https://openalex.org/domains/1,Life Sciences,False,datacite,Harvard Dataverse,True,gold,other-oa,https://openalex.org/I130238516,University of Minnesota,(University of Minnesota),US,https://ror.org/017zqws13,https://openalex.org/I130238516
